utc,post_time,num_comments,upvote_ratio,text
1619040776.0,2021-04-21 17:32:56,2365,0.93,New Moons Are Ready! (Round 12)
1619222419.0,2021-04-23 20:00:19,16424,0.94,"Daily Discussion - April 24, 2021 (GMT+0)"
1619277428.0,2021-04-24 11:17:08,628,0.87,"Man finds $46k in cash hidden since the 1950's. Purchasing power back then equal to $420k. Inflation destroys savings, 90% of the value stolen by the government printer."
1619294586.0,2021-04-24 16:03:06,92,0.95,"Streamer with 0 viewers gets $85,000 after raid by Crypto enthusiasts"
1619232591.0,2021-04-23 22:49:51,1152,0.91,"So apparently government couldn't care less when banks secretly get $16T of bailouts of fiat from the Fed, but when people use crypto to secure their financial wellbeing, it becomes a problem"
1619280313.0,2021-04-24 12:05:13,207,0.97,It‚Äôs pretty liberating when you focus on accumulation rather than profit
1619291624.0,2021-04-24 15:13:44,115,0.91,Just realised sorting by 'new' is the right way to browse this sub
1619261099.0,2021-04-24 06:44:59,269,0.96,"I have released a more powerful version of my crypto algorithm that places trades based on daily news sentiment, and it's all open source"
1619278677.0,2021-04-24 11:37:57,106,0.91,73 percent of millionaires already hold crypto assets or plan to do so by the end of 2022
1619263406.0,2021-04-24 07:23:26,331,0.95,Ultimate Guide To Free Crypto!
1619288917.0,2021-04-24 14:28:37,76,0.9,New to crypto? This might save you a LOT of money
1619303571.0,2021-04-24 18:32:51,65,0.9,$41K Stolen by Binance
1619278961.0,2021-04-24 11:42:41,307,0.76,[Rant] I am sorry but BTC and ETH is pretty much unusable right now
1619295034.0,2021-04-24 16:10:34,88,0.92,I just tried Matic/Polygon L2 for Ethereum... WHY did no one tell me about this sooner?!
1619239450.0,2021-04-24 00:44:10,270,0.88,Ethereum
1619274158.0,2021-04-24 10:22:38,181,0.93,Brave Mods addressing the BAT reward decrease
1619278996.0,2021-04-24 11:43:16,91,0.8,In response to the post saying Cardano is only capable of doing 7TPS
1619288588.0,2021-04-24 14:23:08,59,0.93,A guide to how to do Technical Analysis and draw fancy graphs
1619272499.0,2021-04-24 09:54:59,86,0.87,"Why bitcoin's pullback could be 'healthy' for a run to $100,000"
1619295646.0,2021-04-24 16:20:46,50,0.85,US State Passes Resolution Commending Satoshi Nakamoto and Bitcoin
1619285132.0,2021-04-24 13:25:32,57,0.9,The crypto space now has the potential to be like the internet in the late 90s
1619280162.0,2021-04-24 12:02:42,75,0.73,Stellar Lumens
1619268909.0,2021-04-24 08:55:09,349,0.63,PSA: Cardano (ADA) runs at SEVEN (7) transactions per second. Full sources and calculations in comments.
1619298042.0,2021-04-24 17:00:42,64,0.69,Bitcoin will never go to zero EVER because I would buy all of it.
1619187896.0,2021-04-23 10:24:56,3141,0.84,"People That Say ""Imagine If DogeCoin Went to $10 or $100"" Do You Guys Understand Market Cap and Circulating Supply? Dogecoin Price/Market Cap/Circulating Supply Analysis and Calculation"
1619299479.0,2021-04-24 17:24:39,61,1.0,Big three exchanges handle 77% of global (yes global) trading volume!!! If you don't move your coins out of exchanges then you give them bank powers üè¶
1619303563.0,2021-04-24 18:32:43,17,0.95,Coinbase takes a 25% commission fee before your staking rewards are distributed
1619273876.0,2021-04-24 10:17:56,40,0.92,Beware of coordinated shilling/brigading on Reddit & Telegram.
1619288344.0,2021-04-24 14:19:04,40,0.93,Shout out to those of us who have only lost money so far. (We can do better)
1619294399.0,2021-04-24 15:59:59,56,0.7,Algorand gets hyped too much without putting the facts on the table
1619298322.0,2021-04-24 17:05:22,26,0.84,Crypto is here to stay
1619302157.0,2021-04-24 18:09:17,19,0.78,"Instead of keeping my money for 1% return on CD, I turned them all into ONE and stalking for 11% reward. Not to mention the potential of ONE rising price."
1619288799.0,2021-04-24 14:26:39,71,0.95,Derp of the day
1619303871.0,2021-04-24 18:37:51,51,0.63,500 minimum post karma
1619297328.0,2021-04-24 16:48:48,11,0.86,"Vitalik Buterin just donated Rs 4 crores to India‚Äôs COVID-19 fund set up by Polygon founder Sandeep Nainwal. Even in troubling times, the crypto community unites for a good cause!"
1619227931.0,2021-04-23 21:32:11,231,0.87,"If you're asking strangers on the internet whether or not you should sell you crypto, you should probably sell your crypto"
1619278315.0,2021-04-24 11:31:55,29,0.88,Any way that you interact with crypto is good for crypto.
1619282211.0,2021-04-24 12:36:51,135,0.86,Any Crypto Worth Mining at Home?
1619301752.0,2021-04-24 18:02:32,17,0.9,I think it‚Äôs a good time to get it back going. BTC w/ strong resistance signs
1619293391.0,2021-04-24 15:43:11,21,0.97,"Louisiana State House Heaps Praise on Bitcoin, Dubs BTC an Alternative to Gold"
1619194524.0,2021-04-23 12:15:24,817,0.97,"Kraken telling customers on the login page: ""Not your keys, not your coins"". This is the type of business I can support"
1619288930.0,2021-04-24 14:28:50,38,0.7,"Brand new Coinbase earn out for ""Ampleforth Governance Token"" and answers to the quiz"
1619247658.0,2021-04-24 03:00:58,164,0.83,The typical crypto Redditor
1619283638.0,2021-04-24 13:00:38,96,0.92,Does anyone exclude Bitcoin from their portfolio? Discussion
1619292451.0,2021-04-24 15:27:31,13,0.96,"Tokenizing real world assets as crypto is just a fantasy that would never actually work, right? Wrong. It's already being done."
1619298244.0,2021-04-24 17:04:04,21,0.77,Why reading your Crypto transactions matter - Don't be me!
1619201966.0,2021-04-23 14:19:26,306,0.97,Never forget that the Federal Reserve secretly gave $16 trillion dollars in bailouts to the big banks.
1619292671.0,2021-04-24 15:31:11,7,0.92,"The day before MicroStrategy first bought Bitcoin (August 10, 2020) was the last day gold traded above $2,000/oz. It's down ~15% since then. Bitcoin is up 5x."
1619294814.0,2021-04-24 16:06:54,87,0.95,What brought your attention to crypto?
1619279228.0,2021-04-24 11:47:08,77,0.84,Fueling my Crypto Addiction with DoorDash
1619259691.0,2021-04-24 06:21:31,58,0.9,Lesson learnt from the 2017/2018 crash that keep me sane nowadays
1619299507.0,2021-04-24 17:25:07,51,0.84,CoinGecko > CoinMarketCap
1619291384.0,2021-04-24 15:09:44,28,0.92,The Future of Gaming is Blockchain and More Uses for NFTs
1619300967.0,2021-04-24 17:49:27,17,0.76,IMO : The cryptocurrency market will emerge stronger than intimidation games through taxation
1619284808.0,2021-04-24 13:20:08,14,0.91,Vitalik Buterin's Thoughts on the Less Appreciated Benefits of Ethereum
1619302383.0,2021-04-24 18:13:03,86,0.75,What's the one project that you won't touch with a 10ft pole and why?
1619302351.0,2021-04-24 18:12:31,17,0.86,Ways to earn passive income through Crypto. Staking & CeFi & DeFi
1619295614.0,2021-04-24 16:20:14,27,0.85,"63% Of U.S. Adults Are Interested In Crypto Investing, Finds Gemini Survey"
1619296998.0,2021-04-24 16:43:18,26,0.94,Genuine Question: Does Bitcoin have anything still uniquely going for it tech-wise?
1619273905.0,2021-04-24 10:18:25,113,0.85,Folding @ Home
1619300945.0,2021-04-24 17:49:05,30,0.78,Never forget to book your profits: A reminder of what historically has happened when the going gets tough for the US Govt.
1619297997.0,2021-04-24 16:59:57,54,0.8,"I Dont Wanna Work All My Life Time, This Is Why Im Investing in CryptoCurrency"
1619303274.0,2021-04-24 18:27:54,7,0.9,UK High Court allows alleged creator of bitcoin Craig Wright to serve a copyright infringement lawsuit against the operator of bitcoin.org
1619253184.0,2021-04-24 04:33:04,157,0.8,Reducing brave rewards is a dumb move
1619294761.0,2021-04-24 16:06:01,26,0.83,"Fear and Greed: Bitcoin Price Should Spike Up Soon, if History Repeats Itself"
1619263882.0,2021-04-24 07:31:22,53,0.78,No Algorand badge.
1619305176.0,2021-04-24 18:59:36,19,0.82,"The Sunday Dip Isn't Real, It Can't Hurt You"
1619268639.0,2021-04-24 08:50:39,22,0.78,My bull case on Bingus.
1619298941.0,2021-04-24 17:15:41,99,0.91,Which is the worst performing crypto coin you ever had...? ü§îü§î
1619300732.0,2021-04-24 17:45:32,19,0.9,Bitcoin Strikes Highest Oversold Level Since March 2020- Bulls Still In Control?
1619300616.0,2021-04-24 17:43:36,6,0.79,The daily
1619305780.0,2021-04-24 19:09:40,16,1.0,Connections to dotcom rise
1619305684.0,2021-04-24 19:08:04,11,0.88,‚ÄòI don‚Äôt think this is a bubble at all in bitcoin‚Ä¶this is ‚Äòthe beginning of a mainstreaming of it‚Äô says stock-market pro Bill Miller
1619273997.0,2021-04-24 10:19:57,12,0.83,Norway to start digital currency tests after four years of research
1619304721.0,2021-04-24 18:52:01,55,0.88,"My sister, who is normally not a risk taker just gave me 2500 to invest and now I‚Äôm nervous"
1619296541.0,2021-04-24 16:35:41,22,0.85,Crypto payments shouldn't be a stretch nobody uses cash
1619262108.0,2021-04-24 07:01:48,44,0.85,"14% of Americans Own Crypto, Bitcoin Remains Most Popular: Survey"
1619286400.0,2021-04-24 13:46:40,40,0.82,Avoid 25 BAT withdrawal limit in Mobile.
1619202096.0,2021-04-23 14:21:36,409,0.92,How Market Cap ACTUALLY Works
1619290190.0,2021-04-24 14:49:50,37,0.74,Why invest in anything other than bitcoin If all altcoins are valued in comparison to it?
1619303637.0,2021-04-24 18:33:57,33,0.88,Wallet such as trust wallet question
1619303488.0,2021-04-24 18:31:28,16,0.69,Just want your opinion on the new ‚ÄúSafenochanceofevergoingdownmoon‚Äù coin
1619286914.0,2021-04-24 13:55:14,16,0.82,Bitfarms largest miner in North America bigger than Riot but less than 10% the Market cap about to hit NASDAQ üöÄüöÄüöÄ
1619284228.0,2021-04-24 13:10:28,10,0.94,Every day we take another step forward
1619306508.0,2021-04-24 19:21:48,7,1.0,A look at the 2019 and 2021 bull runs
1619306273.0,2021-04-24 19:17:53,6,1.0,Diversifying was best decision ever and you should do it too!
1619297076.0,2021-04-24 16:44:36,24,0.75,Buying Crypto and wallets for family...advice please?
1619306130.0,2021-04-24 19:15:30,14,0.86,Behold this absolute charcuterie board of shitcoins
1619302479.0,2021-04-24 18:14:39,24,0.8,Is it normal to pay several euros in transaction fees
1619287286.0,2021-04-24 14:01:26,6,1.0,Business Research Series [1] - The Struggle is Real: Insights from a Supply Chain Blockchain Case
1619292384.0,2021-04-24 15:26:24,8,0.92,Louisiana Passes Bill Encouraging Bitcoin‚Äôs Increased Usage while Commending it on its Success
1619296713.0,2021-04-24 16:38:33,10,0.79,Reminder for all newbies : Make sure to back up your seed / mnemonic phrase
1619305709.0,2021-04-24 19:08:29,11,1.0,If you're in the US it might be best to avoid Binance.us for a while
1619301930.0,2021-04-24 18:05:30,39,0.8,metamask scam
1619301889.0,2021-04-24 18:04:49,6,0.88,[DD] Thorough research on Polygon (MATIC) and QuickSwap (QUICK) - An Analysis
1619305335.0,2021-04-24 19:02:15,20,1.0,Ethereum Active Addresses Hits New High
1619269017.0,2021-04-24 08:56:57,13,0.84,Louisiana state House passes resolution formally praising Bitcoin
1619295437.0,2021-04-24 16:17:17,32,0.9,Does anyone have good essay topics on crypto or blockchain?
1619304181.0,2021-04-24 18:43:01,27,0.86,If Bitcoin hit $1m
1619296997.0,2021-04-24 16:43:17,14,0.69,The BTC community should push for 2 MB blocks
1619303436.0,2021-04-24 18:30:36,16,0.86,New Ethereum ASIC Mines Like 32 GeForce RTX 3080 GPUs
1619264561.0,2021-04-24 07:42:41,21,0.9,"Countries Adopt Bitcoin as Hedge Against Inflation, Threatening Gold as a Store of Value"
1619293603.0,2021-04-24 15:46:43,11,0.79,Celo Network Adds Deutsche Telekom as Partner; German Telco Buys ‚ÄòSignificant‚Äô CELO Position
1619299216.0,2021-04-24 17:20:16,14,0.86,The Banks
1619271999.0,2021-04-24 09:46:39,60,0.79,How to Increase Your Smartphone Security - Protect Yourself!
1619298735.0,2021-04-24 17:12:15,28,0.72,What to do in a wallet dusting attack?
1619292970.0,2021-04-24 15:36:10,35,0.8,When will Apple publicly disclose how much Ethereum they hold on their balance sheets?
1619193615.0,2021-04-23 12:00:15,383,0.96,Took advantage of the dip to finally get the remaining .18 I needed for 1 ETH
1619292811.0,2021-04-24 15:33:31,120,0.79,What is the best thing you‚Äôve purchased with the crypto gains?
1619286050.0,2021-04-24 13:40:50,144,0.76,Best alt coin on the market?
1619273152.0,2021-04-24 10:05:52,41,0.76,"Two Crypto Trading Platform Fails in Turkey, Meanwhile Third Is Also On The Way"
1619273054.0,2021-04-24 10:04:14,13,0.73,Always be skeptical and do your own research before investing
1619289577.0,2021-04-24 14:39:37,0,0.8,How does Polygon tokenomics work?
1619294365.0,2021-04-24 15:59:25,41,0.77,Is investing is various cryptocurrencies good or just to invest in only one?
1619300783.0,2021-04-24 17:46:23,3,1.0,Question for crypto veterans
1619291413.0,2021-04-24 15:10:13,11,0.9,Have any students here written a dissertation about crypto?
1619277562.0,2021-04-24 11:19:22,20,0.82,Mining types other than 'Proof-of-Work' & 'Proof-of-Stake'?
1619295363.0,2021-04-24 16:16:03,55,0.82,Advice on current coins
1619303006.0,2021-04-24 18:23:26,9,0.83,Lending giant Aave set to launch liquidity mining program
1619287115.0,2021-04-24 13:58:35,33,0.91,Rumors about 4th Crypto Platform Failing in Turkey.
1619291728.0,2021-04-24 15:15:28,27,0.89,Channeling my inner script kiddie to dollar-cost-average the dip
1619219278.0,2021-04-23 19:07:58,231,0.93,"For long term gains, buy for tech and not hype"
1619291670.0,2021-04-24 15:14:30,38,0.71,"Could you argue that when FIAT is on a bankaccount, it‚Äôs basically like crypto (a stablecoin on itself)?"
1619298048.0,2021-04-24 17:00:48,42,0.73,Do your own research!
1619297969.0,2021-04-24 16:59:29,3,0.8,Dev. activities rank for coins
1619206858.0,2021-04-23 15:40:58,166,0.95,Friendly reminder on dip buying strategy and making REAL money in crypto
1619288566.0,2021-04-24 14:22:46,37,0.83,Credit cards that earn crypto?
1619283856.0,2021-04-24 13:04:16,41,0.7,"What‚Äôs the future of Bitcoin (just BTC, not the whole cryptocurrency ecosystem)?"
1619288154.0,2021-04-24 14:15:54,44,0.9,What coins do you have your eye onüòö
1619296953.0,2021-04-24 16:42:33,22,0.78,What‚Äôs the easiest way to do crypto taxes? üá®üá¶
1619281456.0,2021-04-24 12:24:16,9,0.87,April's crypto exchange volumes have hit a new all-time high
1619275390.0,2021-04-24 10:43:10,56,0.62,"It's time to stop calling it the ""Bear Cycle"""
1619296783.0,2021-04-24 16:39:43,7,0.86,Seven USDC wallet addresses were blacklisted on 4/23
1619306707.0,2021-04-24 19:25:07,6,0.8,"We should encourage more quality DD posts, even if they're barely unkown coins."
1619287516.0,2021-04-24 14:05:16,36,0.75,Fear and Excitement of the Bear Market
1619300703.0,2021-04-24 17:45:03,31,0.83,"Quick question from a newbie, who do I buy from, what wallet do I use?"
1619306318.0,2021-04-24 19:18:38,3,1.0,Why isn't Orion Terminal blowing up? /Please teach
1619306170.0,2021-04-24 19:16:10,1,1.0,3 things every crypto trader should know about derivatives exchanges
1619271012.0,2021-04-24 09:30:12,20,0.85,Friendly reminder: Keep in mind that not all 2017 veterans are created equal.
1619246871.0,2021-04-24 02:47:51,29,0.85,Update: My polymath tokens are recovered :)!
1619279491.0,2021-04-24 11:51:31,9,0.87,Louisiana Passes Resolution Commending Satoshi Nakamoto and Bitcoin
1619276051.0,2021-04-24 10:54:11,32,0.85,‚ÄúNewish‚Äù to crypto & trying to navigate the murky waters. Opinions?
1619290756.0,2021-04-24 14:59:16,55,0.73,Is coinbase really that bad?
1619304188.0,2021-04-24 18:43:08,15,0.64,Bitcoin‚Äôs Climax
1619284987.0,2021-04-24 13:23:07,91,0.8,Show me an alt that you think deserves more attention and I'll give you some banano
1619298504.0,2021-04-24 17:08:24,23,0.78,Total Portfolio Crypto Allocation
1619294105.0,2021-04-24 15:55:05,74,0.67,I have $700 to play with...
1619298447.0,2021-04-24 17:07:27,6,0.7,"Lose Your Seed, by pseudoHappyHippy (feat. Eminem)"
1619282252.0,2021-04-24 12:37:32,29,0.71,"This Was Not the Top of Bitcoin's 2021 Bull Run, According to PlanB"
1619303540.0,2021-04-24 18:32:20,20,1.0,How can x125 leverage be possible?
1619227053.0,2021-04-23 21:17:33,181,0.84,"I'm high right now, and I got a brilliant idea!"
1619303235.0,2021-04-24 18:27:15,17,0.64,"Eminem's First NFT Drop, 'Shady Con,' Includes One-of-a-Kind Slim Shady-Produced Beats"
1619272656.0,2021-04-24 09:57:36,47,0.76,A friend comes to you and says he's thinking about venturing into crypto...
1619288892.0,2021-04-24 14:28:12,4,0.86,Blockchain in mainstream use cases
1619275014.0,2021-04-24 10:36:54,66,0.81,How did you get into CryptoCurrency?
1619254552.0,2021-04-24 04:55:52,23,0.87,[For Newbie] How to analyse an asset beyond price and market cap? look at LIQUIDITY
1619301929.0,2021-04-24 18:05:29,4,0.8,OCC Grants Crypto Firm Paxos 'Conditional Approval' for US Bank Charter
1619301816.0,2021-04-24 18:03:36,38,0.64,What's your opinion...
1619246285.0,2021-04-24 02:38:05,126,0.93,Thoughts on a ‚Äòlife changing amount‚Äô
1619284611.0,2021-04-24 13:16:51,21,1.0,BAT-Team clarification on current BAT/Brave issues
1619301094.0,2021-04-24 17:51:34,6,0.8,Dig more coal -- the PCs are coming
1619295004.0,2021-04-24 16:10:04,3,0.75,How Crypto Can Help Activist Non-Profit Organizations in Third-World Countries
1619294975.0,2021-04-24 16:09:35,12,0.69,The Elite
1619278416.0,2021-04-24 11:33:36,14,0.91,"Injective Protocol raises $10M from Mark Cuban & Pantera Capital for its ""DeFi Robinhood"""
1619299727.0,2021-04-24 17:28:47,19,1.0,Best Way to Stake USDT
1619278251.0,2021-04-24 11:30:51,52,0.69,"I bought safe moon, what should I do?"
1619181758.0,2021-04-23 08:42:38,554,0.92,Seeing posts on this sub made me realize people are stupid
1619282952.0,2021-04-24 12:49:12,11,0.77,"Shirt spam, something to look out for. Hi peoples."
1619289464.0,2021-04-24 14:37:44,17,1.0,Anyone use Koinly to help with taxes?
1619280172.0,2021-04-24 12:02:52,15,0.8,I thought we all agreed up only?
1619285752.0,2021-04-24 13:35:52,52,0.69,Explain It Like I‚Äôm 5 - ETH Gas
1619299202.0,2021-04-24 17:20:02,1,1.0,Question about LTC/BANXA
1619289158.0,2021-04-24 14:32:38,45,1.0,Are there any non-stakers out there?
1619220074.0,2021-04-23 19:21:14,90,0.95,PSA: Taxes DO NOT Work the Same Way With Crypto as Stocks... and Your Accountant Might Be Losing You Money
1619293076.0,2021-04-24 15:37:56,4,1.0,Do wash sales apply to crypto transactions in the US?
1619285083.0,2021-04-24 13:24:43,7,0.86,Wyoming 'DAO law' to go into effect in July after receiving final approval
1619230652.0,2021-04-23 22:17:32,55,0.88,"Always, always rely on the madness of crowds"
1619242762.0,2021-04-24 01:39:22,45,0.92,ETH Gas fees is down to 55 gwei! Time to re-allocate LPs and bridge coins to L2
1619298482.0,2021-04-24 17:08:02,8,0.67,Is Benjamin Cowen's premium list worth it?
1619279303.0,2021-04-24 11:48:23,38,0.69,Newbie here!
1619298151.0,2021-04-24 17:02:31,25,0.8,Hardware Wallet and Storing Crypto
1619297729.0,2021-04-24 16:55:29,7,0.72,Questions about my Crypto Diversification.
1619281167.0,2021-04-24 12:19:27,72,0.65,How long until Coinbase and Binance are obsolete?
1619278193.0,2021-04-24 11:29:53,14,0.84,Coins with Benefits
1619304886.0,2021-04-24 18:54:46,21,0.75,Recently switched to the Exodus wallet from Coinbase and was wondering what the best exchange is.
1619290888.0,2021-04-24 15:01:28,14,0.83,What is crypto law?
1619243833.0,2021-04-24 01:57:13,55,0.85,Could Ethereum overtake Bitcoin as the world‚Äôs leading cryptocurrency?
1619265954.0,2021-04-24 08:05:54,22,0.72,"Refresher course ; Understanding Total cryptocurrency market capitalisation, Total token supply, Maximum supply, total circulation supply, market capitalization and its influence on token price."
1619285762.0,2021-04-24 13:36:02,2,0.86,Beacon chain uptime has been amazing lately; even hit 99.8% for some blocks
1619273911.0,2021-04-24 10:18:31,33,0.7,The amount of shilling for new tokens on pancakeswap is insane
1619285355.0,2021-04-24 13:29:15,10,0.84,Non biased sources?
1619271674.0,2021-04-24 09:41:14,27,0.76,What I learned from my failures as a newbie
1619284776.0,2021-04-24 13:19:36,4,0.73,"with the growing use of the Bitcoin network, 42 million Bitcoin wallets and counting, it is becoming increasingly possible to track transactions on public blockchains, while private banking transactions remain hidden in plain sight."
1619289087.0,2021-04-24 14:31:27,21,0.83,"How would you safely cash out a huge amount of money, minimizing the risk of some catastrophic error? Not in that position now, but was just thinking about it and that was all it took to make me nervous, ha. Has anyone had anything like this happen to them before?"
1619240305.0,2021-04-24 00:58:25,36,0.81,Recipe for true degen to be successful in crypto
1619277605.0,2021-04-24 11:20:05,19,0.71,The doge effect
1619288449.0,2021-04-24 14:20:49,4,1.0,Short history to crypto currencies
1619301875.0,2021-04-24 18:04:35,13,0.67,Can someone give me a ELI5 explanation on SAFETESLA?
1619288210.0,2021-04-24 14:16:50,16,0.67,Smart Investment or Lottery Ticket?
1619301517.0,2021-04-24 17:58:37,15,0.75,Best news source to read or Youtube blogger to follow
1619301478.0,2021-04-24 17:57:58,31,1.0,"Help finding simple, easy to understand info on 128 bit entropy and seed phrases?"
1619185078.0,2021-04-23 09:37:58,324,0.88,I want you to get rich.
1619165378.0,2021-04-23 04:09:38,811,0.97,Looking for a good sale? Heres the top 15 coins and the gain if/when they go back to their 90d ATH.
1619217568.0,2021-04-23 18:39:28,77,0.95,How your hard wallet works : a simple explanation.
1619263113.0,2021-04-24 07:18:33,9,0.94,"Turkish Central Bank chief rules out crypto ban, more details in two weeks"
1619300948.0,2021-04-24 17:49:08,15,0.56,HyperJump is a possible rival of PancakeSwap and is incredibly under the radar at the moment [Follow up]
1619273775.0,2021-04-24 10:16:15,22,0.67,Crypto dip haiku thread
1619292298.0,2021-04-24 15:24:58,26,0.72,Trouble sending crypto out of coin base
1619285838.0,2021-04-24 13:37:18,13,0.81,Staking with nexo
1619299193.0,2021-04-24 17:19:53,24,1.0,Any suggestion for those who have a bank that doesn't allow Plaid?
1619264176.0,2021-04-24 07:36:16,56,0.88,Does anyone here actually live a DeFi life?
1619290918.0,2021-04-24 15:01:58,11,0.8,"If ETH captures on 5% of the Ce Fi market, what does this mean?"
1619298574.0,2021-04-24 17:09:34,7,0.57,It's only a matter of time until units of BTC are no longer seen by the public as just their immediate exchange rate
1619271310.0,2021-04-24 09:35:10,14,0.76,Turkish crypto founder flees with reported $2 bn
1619271255.0,2021-04-24 09:34:15,22,0.84,What do you think of this? Is this guy full of it? Does it matter if we know who Satoshi Nakamoto is? Lawsuit could weigh in on who‚Äôs the inventor of bitcoin‚Äîwhy it's such a mystery ‚Äî CNBC
1619284339.0,2021-04-24 13:12:19,24,0.64,Unpopular opinion: Charity tokens aren't so bad
1619289957.0,2021-04-24 14:45:57,20,0.59,Why am I not hearing anything about Solana in this sub?
1619264510.0,2021-04-24 07:41:50,34,0.87,What does the average r/Cryptocurrency portfolio look like? Vol. 2 [answered]
1619270511.0,2021-04-24 09:21:51,4,0.79,Another phishing email pretending from Celsius - CAREFUL (no code APP2000)
1619289556.0,2021-04-24 14:39:16,6,1.0,Why doesn‚Äôt the BTC mempool get hopelessly backlogged?
1619289540.0,2021-04-24 14:39:00,22,1.0,Where should I stake my ETH
1619262287.0,2021-04-24 07:04:47,38,0.88,Really?
1619144337.0,2021-04-22 22:18:57,1822,0.88,Much Needed Mindfulness During This Dip
1619283513.0,2021-04-24 12:58:33,12,0.75,What does the average r/Cryptocurrency portfolio look like? Vol. 3
1619297032.0,2021-04-24 16:43:52,4,0.75,Top coins according to trend and momentum indicators April 24th
1619265304.0,2021-04-24 07:55:04,44,0.68,Perfectly timed selling near the peak for the first time!
1619189227.0,2021-04-23 10:47:07,407,0.7,So I Unforunately found PROOF that Serial Downvoters are Actually a Thing on r/CryptoCurrency and it`s Sad to see. (But We as a Community can Counter them!)
1619253855.0,2021-04-24 04:44:15,27,0.77,"""Invest what you are willing to lose"" isn't about losing everything"
1619287476.0,2021-04-24 14:04:36,0,1.0,‚ÄéChris Dixon - The Potential of Blockchain Technology
1619260201.0,2021-04-24 06:30:01,64,0.8,Good long term ALT coins
1619287270.0,2021-04-24 14:01:10,12,0.83,Crypto Adoption
1619241590.0,2021-04-24 01:19:50,66,0.85,What‚Äôs your ‚Äúgood news‚Äù cryptocurrency story?
1619294493.0,2021-04-24 16:01:33,13,0.75,What are your cheap wallets you use to pay sellers online with bitcoin?
1619280920.0,2021-04-24 12:15:20,79,0.53,What‚Äôs so bad about Doge?
1619294307.0,2021-04-24 15:58:27,12,1.0,Staking vs savings
1619176931.0,2021-04-23 07:22:11,539,0.88,"If you want to play the scamcoin lottery to get rich quick, then you do you, but don't try and legitimatize your winnings to convince the next row of suckers to jump in."
1619293749.0,2021-04-24 15:49:09,32,0.75,"Hardware wallet which one, how to get over the fees?"
1619285465.0,2021-04-24 13:31:05,20,0.71,Physical Crypto exist/possible?
1619244814.0,2021-04-24 02:13:34,16,0.88,Notes on ETHglobals merge summit
1619279709.0,2021-04-24 11:55:09,3,0.83,Streaming cryptocurrency data and analysis
1619293236.0,2021-04-24 15:40:36,4,0.71,The Accelerated Crypto Loan is a great technique I used to earn interest on my Tether (USDT)
1619292915.0,2021-04-24 15:35:15,13,0.75,How much does it cost to develop own crypto wallet?
1619284709.0,2021-04-24 13:18:29,6,0.72,Have you ever thought about creating a DAO? Are there any projects that enable this?
1619271036.0,2021-04-24 09:30:36,29,0.75,How long before it's common for everyday applications (eg messaging apps) to be built 100% on blockchain?
1619278878.0,2021-04-24 11:41:18,11,0.7,Project that explores smart contracts for fantasy sports and betting?
1619278828.0,2021-04-24 11:40:28,2,0.67,"Over a year since their Whitepaper release, Zenon grew a decentralized foundation of nodes(over 200) on placeholder chain while building a new Layer 1 tech. New distributed ledger quietly building momentum just launched Public Testnet."
1619265134.0,2021-04-24 07:52:14,38,0.66,How do I explain cryptocurrency to my parents who have recently found out that i'm making money out of it and want to jump on the boat?
1619209581.0,2021-04-23 16:26:21,106,0.96,Cryptocurrencies are the future of passive income assets!
1619283634.0,2021-04-24 13:00:34,20,0.71,Let's play a game...
1619190736.0,2021-04-23 11:12:16,167,0.93,Biggest dip yet 4 days before I get my salary... Gotta be kidding me.
1619208597.0,2021-04-23 16:09:57,136,0.85,Cardax: Cardano‚Äôs Upcoming Decentralized Exchange
1619151177.0,2021-04-23 00:12:57,1320,0.86,This tax FUD is hilarious. Let me explain why.
1619261457.0,2021-04-24 06:50:57,3,0.91,Blockchain bridge coins/projects
1619277225.0,2021-04-24 11:13:45,2,0.83,Kraken Report on Central Bank Digital Currency 2021. Useful For everyone
1619186504.0,2021-04-23 10:01:44,266,0.88,Be careful this dip
1619260847.0,2021-04-24 06:40:47,33,0.92,What is the best way to learn more about crypto?
1619263130.0,2021-04-24 07:18:50,8,0.79,A clear explanation about the process of migration from IOTA 1.0 to Chrysalis
1619276607.0,2021-04-24 11:03:27,25,0.67,FDIC insurance for exchanges
1619303661.0,2021-04-24 18:34:21,9,0.6,"Solana gets into The Top 1,000 global assets by market cap"
1619272188.0,2021-04-24 09:49:48,18,0.67,Staking Rewards Will Double to $18.9 Billion by 2022: Report
1619290021.0,2021-04-24 14:47:01,18,0.75,Trading Nano to another crypto?
1619268504.0,2021-04-24 08:48:24,22,0.8,Do you feel like the markets are more or less predictable than back in 2017?
1619303374.0,2021-04-24 18:29:34,10,0.67,Looking for a ledger
1619197830.0,2021-04-23 13:10:30,127,0.86,"The truth about the ""Dogecoin millionaire"" guy that's bragging over on the Doge subreddit"
1619281735.0,2021-04-24 12:28:55,57,0.59,What cryptos should I look Into?
1619231946.0,2021-04-23 22:39:06,89,0.71,"Why lightning is useless, bitcoin developers are the enemy of their target audience and how altcoins are the real deal."
1619288657.0,2021-04-24 14:24:17,8,1.0,What is the easiest and cheapest way to send money from Skrill to Binance.com?
1619288570.0,2021-04-24 14:22:50,3,0.75,A UK Judge may order the owner of Bitcon.org (Cobra) to doxx himself in a case filed by the charlatan scammer Craig Faketoshi
1619301880.0,2021-04-24 18:04:40,11,0.54,"""Stop going up!"" is the new ""Stop going down!"""
1619214547.0,2021-04-23 17:49:07,68,0.95,Anyone else seen a massive increase in spam after becoming more active in crypto?
1619196289.0,2021-04-23 12:44:49,50,0.93,"HSBC: Ban coinbase due to crypto‚Äôs role in money laundering and criminal activity. Also HSBC: launder more than $880 million for a network of drug kingpins, including ‚ÄúEl Chapo.‚Äù"
1619280113.0,2021-04-24 12:01:53,6,0.67,Four arrested after Turkish exchange Vebitcoin closes its doors
1619279831.0,2021-04-24 11:57:11,24,0.8,Is this a stupid day trading strategy
1619279695.0,2021-04-24 11:54:55,15,0.8,Transferred XLM out of one wallet into another...but I put the wrong memo. Am I screwed?
1619216994.0,2021-04-23 18:29:54,42,0.88,"For New People ""Buying The Dip"""
1619287288.0,2021-04-24 14:01:28,6,0.75,How to buy crypto multi-currency index ETF/token in EU?
1619252112.0,2021-04-24 04:15:12,15,0.77,The richest person in this decade could be someone who owns only cryptos
1619257604.0,2021-04-24 05:46:44,57,0.59,Top Altcoins to look out for in 2021 üí∞
1619300485.0,2021-04-24 17:41:25,10,0.6,Joke of the Day: Craig Wright Files Lawsuit Claiming Copyright Ownership of Bitcoin White Paper
1619299829.0,2021-04-24 17:30:29,27,0.67,To Stake or to mine. That is the question
1619268257.0,2021-04-24 08:44:17,1,0.87,"Notes on the ETHGlobal's Merge Summit - Approx Timeline for ETH2, Progress, Plans, and what comes after the Merge."
1619245480.0,2021-04-24 02:24:40,24,0.79,It's hard to realize for the beginners but WE ARE IN A REVOLUTION!!
1619264433.0,2021-04-24 07:40:33,20,0.8,Second Turkish Exchange Vanished and CEO arrested
1619210148.0,2021-04-23 16:35:48,49,0.89,Vertcoin 101
1619238579.0,2021-04-24 00:29:39,46,0.85,HODL'ers: Do you just not give a damn about the market at the moment and barely even look at how things are doing?
1619191397.0,2021-04-23 11:23:17,110,0.93,"When you don't flinch on being -50%, you know you've achieved the HODLer status"
1619285014.0,2021-04-24 13:23:34,31,1.0,How much should I expect to be losing in fees?
1619298322.0,2021-04-24 17:05:22,1,0.67,Turkish Authorities Have Detained 4 in Probe of Vebitcoin Crypto Exchange
1619263247.0,2021-04-24 07:20:47,10,0.75,"Bitcoin Corrects 27%, Oh No! (or Why It‚Äôs Time To Buy Bitcoin)"
1619297619.0,2021-04-24 16:53:39,9,0.67,DEX Volumes Continue Rising as Bitcoin Corrects
1619224834.0,2021-04-23 20:40:34,23,0.68,Scotty Sire great video for newbies in crypto
1619250037.0,2021-04-24 03:40:37,48,0.61,Found bitcoin wallet from 2012 and
1619258659.0,2021-04-24 06:04:19,32,0.65,This is how I f*cked up and then survived in my first month.
1619181148.0,2021-04-23 08:32:28,240,0.95,"Crypto Whale Moves $321,000,000 in Bitcoin in Single Transaction"
1619269327.0,2021-04-24 09:02:07,17,0.65,Let's do a crypto haiku thread. I'll start.
1619159204.0,2021-04-23 02:26:44,432,0.96,It's Amazing How Everyone Wants to Buy The Dip Until The Dip Actually Happens
1619269169.0,2021-04-24 08:59:29,20,0.67,"All Technical Analysis is wrong, but some is useful"
1619274756.0,2021-04-24 10:32:36,12,0.63,"Completely at a loss... Transferred USDT from my Bitmart account to Trust Wallet, transaction says successful but it's not appearing?"
1619145484.0,2021-04-22 22:38:04,482,0.96,"If you are sad you missed out when crypto was less expensive, then quit freaking out now that it's a bit cheaper."
1619236308.0,2021-04-23 23:51:48,29,0.79,"A Newcomers POV, A Big thanks to the community, and the lessons learned along the way."
1619248780.0,2021-04-24 03:19:40,44,0.75,r/cryptocurency demographics continued (Gender)
1619282093.0,2021-04-24 12:34:53,17,0.75,Has anyone tried to buy their crypto in cheap market and sell them in expensive market
1619219934.0,2021-04-23 19:18:54,52,0.86,The crypto market tanked because of Spoof Manipulation. Pay attention to the depth charts [VIDEO PROOF INCLUDED]
1619268270.0,2021-04-24 08:44:30,18,0.65,How market cap works (SIMPLY and without paragraphs of unnecessary info)
1619224997.0,2021-04-23 20:43:17,59,0.88,Brave seems to have lowered BAT payments per ad
1619281388.0,2021-04-24 12:23:08,112,0.51,Unpopular opinion about crypto...
1619256898.0,2021-04-24 05:34:58,35,0.72,Do not get into random coins without educating yourself first!
1619219178.0,2021-04-23 19:06:18,33,0.87,The Complete Guide to Coinbase Fees (and How to Avoid Them)
1619201917.0,2021-04-23 14:18:37,42,0.95,January 2016 - crash from $450 to $380. I panicked and converted 13.6 BTC into gold/silver. Don't be me.
1619267542.0,2021-04-24 08:32:22,42,0.6,I'm trying to educate my friends about cryptocurrency and I need some help.
1619245709.0,2021-04-24 02:28:29,18,0.77,A word for the newbies
1619253467.0,2021-04-24 04:37:47,6,0.84,Two Major Hotels in Touristic Spanish City to Accept Crypto Payments in the Wake of Covid-19 Crisis
1619280416.0,2021-04-24 12:06:56,20,0.75,Metal Key word cards
1619183003.0,2021-04-23 09:03:23,180,0.91,"Options expiring tomorrow are a big factor of this dip, not just the tax news."
1619217505.0,2021-04-23 18:38:25,51,0.88,"Daily Discussion smashes a new all-time high, flying past 30.4K"
1619279871.0,2021-04-24 11:57:51,5,1.0,Can anyone explain like I'm 5 App wallets like MeW ?
1619271741.0,2021-04-24 09:42:21,19,0.57,Turkey fourth biggest crypto exchange collapses due to ‚Äúdeteriorating financial conditions‚Äù & detainment of 4 employees.
1619279523.0,2021-04-24 11:52:03,10,0.75,Use case and top gainers.
1619271535.0,2021-04-24 09:38:55,26,0.58,Now's the time to do that thing you keep hearing about...
1619252076.0,2021-04-24 04:14:36,22,0.67,Bitboy crypto jealous of Coin Bureau
1619261086.0,2021-04-24 06:44:46,25,0.73,Do robinhood traders actually affect the market?
1619271062.0,2021-04-24 09:31:02,19,0.7,"Hello people, I'm looking for beginner's friendly crypto games to earn Lil cryptos on the side?"
1619278506.0,2021-04-24 11:35:06,35,0.75,Noob question- How much and when do I get the APY return if I stake a certain coin for a 7 day locking period
1619291850.0,2021-04-24 15:17:30,23,0.5,Power supply help for mining
1619236296.0,2021-04-23 23:51:36,57,0.74,Don‚Äôt forget why crypto was created!!
1619146169.0,2021-04-22 22:49:29,345,0.96,2 months ago we were celebrating that 50k was an insane amount for BTC. Now people look at a dip to 50k and feel negative.
1619291157.0,2021-04-24 15:05:57,22,0.44,Bitcoin transaction fees are near all time high of 2017! This graph got me worried....
1619218554.0,2021-04-23 18:55:54,40,0.89,"Using market corrections to your advantage even when you have no more money - my thoughts on learning, evaluating and adapting"
1619228963.0,2021-04-23 21:49:23,38,0.81,Think critically when you decide to buy cryptocurrencies
1619227919.0,2021-04-23 21:31:59,34,0.93,The ultimate guide for risk management applied to your Crypto investment üé≤
1619249908.0,2021-04-24 03:38:28,21,0.67,How percentage change works
1619252515.0,2021-04-24 04:21:55,55,0.77,The importance of staking
1619234941.0,2021-04-23 23:29:01,58,0.73,Lolling at the new Doge panic
1619263217.0,2021-04-24 07:20:17,25,1.0,Question: how to secure a auto/house loan and borrow against your holdings
1619228911.0,2021-04-23 21:48:31,10,0.87,The best video for a more in depth understanding of crypto
1619255002.0,2021-04-24 05:03:22,14,0.75,A good day in actuality and in this space
1619170114.0,2021-04-23 05:28:34,219,0.94,Don‚Äôt Take a Loan to Buy the Dip
1619228044.0,2021-04-23 21:34:04,21,0.84,I Interviewed The Mysterious Developer Behind Many DeFi 3.0 Projects
1619229961.0,2021-04-23 22:06:01,5,0.87,Crypto Portfolio Tracker. Now supports ALL coins (including unlisted and new coins). Updates prices 5+ times per second. More accurate pricing than any major portfolio app. Simple pretty command line interface. Written purely in python.
1619208552.0,2021-04-23 16:09:12,74,0.93,Kraken finally has ACH for US residents
1619256193.0,2021-04-24 05:23:13,13,0.71,Assuming personal responsibility is not a sensible strategy when encouraging friends and family to learn about ADA (or any cryptocurrency)
1619273739.0,2021-04-24 10:15:39,11,0.63,Coinsquare in Canada. The next Quadriga?
1619265178.0,2021-04-24 07:52:58,24,0.57,Binance.com maintenance
1619273071.0,2021-04-24 10:04:31,39,0.63,At what Amount does it make sense to get a hardware wallet?
1619209880.0,2021-04-23 16:31:20,50,0.97,Vitalik Buterin just went live to talk about the upcoming Ethereum 2.0 merge
1619264510.0,2021-04-24 07:41:50,27,0.6,The ultimate guide for portfolio Management applied to your crypto investmentsüí∞
1619150640.0,2021-04-23 00:04:00,319,0.91,I lost 10% of my net worth in the last two days... and I'm laughing.
1619238591.0,2021-04-24 00:29:51,29,0.76,Why I love Monero but Probably Won‚Äôt Buy It
1619253489.0,2021-04-24 04:38:09,28,0.62,The end goal of Moons?
1619271362.0,2021-04-24 09:36:02,11,0.67,Behind Bitcoin‚Äôs Recent Slide: Imploding Bets and Forced Liquidations
1619271328.0,2021-04-24 09:35:28,15,0.75,Good crypto wallet for minor
1619230617.0,2021-04-23 22:16:57,23,0.81,Invested with money ‚Äúthey don‚Äôt need‚Äù but still worried about. Dip
1619224249.0,2021-04-23 20:30:49,128,0.67,Is crypto for the boys?
1619298155.0,2021-04-24 17:02:35,7,0.38,"Balanced token Airdrip will start to drip next Sunday. If you are staking ICON, you will be able to claim it manually on this link."
1619263117.0,2021-04-24 07:18:37,34,0.58,Coins to Mine on a crap laptop
1619284527.0,2021-04-24 13:15:27,8,0.4,Poetry saturday... take 2
1619221977.0,2021-04-23 19:52:57,54,0.82,How to use Pancakeswap with Metamask
1619249036.0,2021-04-24 03:23:56,49,0.68,Back up your moons!
1619242742.0,2021-04-24 01:39:02,34,0.67,"Ripple Open to Destroying Massive 50,000,000,000 XRP Holdings, Says CEO Brad Garlinghouse"
1619255935.0,2021-04-24 05:18:55,41,0.7,Exchange/wallet management
1619261354.0,2021-04-24 06:49:14,15,1.0,How useful/handy the charts are when it comes to crypto currency?
1619188209.0,2021-04-23 10:30:09,83,0.93,Whales are Buying the Dip
1619229728.0,2021-04-23 22:02:08,20,0.8,"Bitcoin's Market Dominance Slides to 50%, While Ethereum's Valuation Climbs Higher"
1619250986.0,2021-04-24 03:56:26,10,0.73,Crypto lender Celsius tells clients to add crypto to their accounts as collateral in case of margin calls
1619260942.0,2021-04-24 06:42:22,36,0.7,So What Did You Learn This Week?
1619255247.0,2021-04-24 05:07:27,9,0.75,"Crypto Will Be All Asset Classes, Says Financial Analyst"
1619250761.0,2021-04-24 03:52:41,36,0.62,Crypto Holders Say It‚Äôs Hurt Their Personal Relationships
1619255060.0,2021-04-24 05:04:20,24,0.75,Turkey‚Äôs Crypto Pain Grows With Second Exchange Collapse
1619241223.0,2021-04-24 01:13:43,64,0.8,Give me your best analogies of why the best tech doesn't always win
1619281694.0,2021-04-24 12:28:14,17,0.5,"I heard saturday is poetry jam on here, so this is my entry."
1619221869.0,2021-04-23 19:51:09,47,0.72,Please stop playing with money you can't afford to lose
1619249860.0,2021-04-24 03:37:40,7,0.78,NYSE Files to List Shares of Valkyrie‚Äôs Bitcoin ETF
1619267642.0,2021-04-24 08:34:02,23,0.59,"What is the difference between a ""Coin"" and a ""Token"" on the site?"
1619171944.0,2021-04-23 05:59:04,101,0.96,A comprehensive list of ‚Äúmajor‚Äù Bitcoin pullbacks in 2021.
1619259557.0,2021-04-24 06:19:17,16,0.64,There is something happening in Iran and I need help
1619267041.0,2021-04-24 08:24:01,9,0.56,Turkey‚Äôs Crypto Pain Grows With Second Exchange Collapse
1619280172.0,2021-04-24 12:02:52,19,0.67,"My thoughts on Peter Schiff's ""The beginning or end of the bitcoin bear market?"""
1619279987.0,2021-04-24 11:59:47,16,0.5,Liquidating Assets in US
1619180553.0,2021-04-23 08:22:33,105,0.96,Binance moderator accused of misconduct while thousands of support cases go unanswered
1619210382.0,2021-04-23 16:39:42,37,0.89,A friendly reminder as to where Bitcoin was one year ago. Struggling to get past that $8k mark again.
1619279750.0,2021-04-24 11:55:50,8,0.57,Thoughts on Kilimanjaro Coin?
1619252617.0,2021-04-24 04:23:37,11,0.63,"The Philosophical battle at the heart of a $50,000.00 BTC"
1619220177.0,2021-04-23 19:22:57,18,0.85,"No need to panic you guys, my buy order from the last dip is still standing! (Update)"
1619279549.0,2021-04-24 11:52:29,9,0.55,Zcash Cryptocurrency Slides By 25% In The Last 7 Days
1619257765.0,2021-04-24 05:49:25,14,0.64,Is it possible to make money off of stablecoins??
1619279212.0,2021-04-24 11:46:52,3,0.5,"Layer2.finance v0.1 Mainnet from Celer Network launches. Allows use of Ethereum L1 apps using L2 Rollup. You can now use AaveAave, Compound and Curve on L1 through l2.finance with ZERO fees"
1619211932.0,2021-04-23 17:05:32,117,0.62,"The truth about Safemoon, the modern day crypto ponzi scheme"
1619238361.0,2021-04-24 00:26:01,9,0.82,Blockchain visual demo for newbies
1619228869.0,2021-04-23 21:47:49,31,0.88,Beware the scammers watching this sub!
1619278844.0,2021-04-24 11:40:44,3,0.5,Binance Agile Set Dollar
1619216551.0,2021-04-23 18:22:31,55,0.7,Dear Americans
1619278474.0,2021-04-24 11:34:34,0,1.0,"With the migration going on, how long does it take for my balance to transfer from Trust Wallet to Pancake swap?"
1619246867.0,2021-04-24 02:47:47,18,0.69,Does anyone transfer crypto from one exchange to another with ALGO?
1619200223.0,2021-04-23 13:50:23,48,0.85,Notice how all the shitcoins like SAFEMOON implies profit as their selling point while legitimate projects do not
1619220618.0,2021-04-23 19:30:18,21,0.87,A Tip for You Noobs Out There
1619246618.0,2021-04-24 02:43:38,12,0.69,Governing body of Louisiana gives Bitcoin its nod of approval
1619277724.0,2021-04-24 11:22:04,5,0.67,How Emily Segal Crowdfunded Her New Novel with Crypto
1619277428.0,2021-04-24 11:17:08,5,1.0,Ledger app cheaper to buy then exchange
1619277215.0,2021-04-24 11:13:35,62,0.56,Why the proposed capital gain tax may be the best thing for cryptos.
1619196505.0,2021-04-23 12:48:25,84,0.8,Biden‚Äôs tax is actually good for average crypto Joe?
1619234159.0,2021-04-23 23:15:59,34,0.84,For those of you who are in favor of regulation
1619277051.0,2021-04-24 11:10:51,16,0.6,Liquidity pools/Liquid Swap on Binance - Explained ELI5 style!
1619276967.0,2021-04-24 11:09:27,8,0.5,How do I get BNB into metamask without going through Binance.us?
1619241920.0,2021-04-24 01:25:20,10,0.69,"During the dip, if you're considering going back to 'safe' fiat money I'd just like to share this quote."
1619231854.0,2021-04-23 22:37:34,19,0.72,Stay positive even in the worst of times
1619263108.0,2021-04-24 07:18:28,6,0.53,When you make a post about a coin stop being so biased
1619215368.0,2021-04-23 18:02:48,91,0.93,"What are some best ways to get free crypto, some alternatives to coinbase's earn program which is awesome?"
1619263073.0,2021-04-24 07:17:53,11,0.63,Algorand Raffle suggestions.
1619238469.0,2021-04-24 00:27:49,10,0.81,Largest bitcoin fund dives to record discount amid crypto dip.
1619223492.0,2021-04-23 20:18:12,42,0.64,How are my Crypto gals holding up during these Dips? Any ladies taking advantage of the buying opportunities?
1619179923.0,2021-04-23 08:12:03,193,0.84,Which Coin Do You Think Will Be Obliviated in The Next Bear Market? - Looking For a Gift For a Disliked Family Member
1619237884.0,2021-04-24 00:18:04,7,0.81,Looking for a realtime crypto market trading simulation to build confidence/understanding before investing in real life.
1619213770.0,2021-04-23 17:36:10,29,0.88,Popular Retail Broker Charles Schwab Considering Crypto
1619243918.0,2021-04-24 01:58:38,31,0.61,New* explain it to me like I‚Äôm 5.
1619219700.0,2021-04-23 19:15:00,39,0.78,The odds of recovering an existing wallet putting random seed words in a Ledger Nano S.
1619187476.0,2021-04-23 10:17:56,46,0.91,How To Create And Sell Your Own NFT
1619127298.0,2021-04-22 17:34:58,923,0.92,A lot of people misunderstanding the possible increase in Capital Gains Tax
1619215942.0,2021-04-23 18:12:22,46,0.92,What's the catch to staking ETH? Are there any downsides when converting all my ETH into ETH 2.0 if I'm going to hold anyway?
1619189033.0,2021-04-23 10:43:53,63,0.85,Never shill crypto to people that you can't afford to lose
1619273883.0,2021-04-24 10:18:03,3,0.57,"Cryptocurrency Impersonation Scams, Explained"
1619246734.0,2021-04-24 02:45:34,14,0.64,PPoS
1619242139.0,2021-04-24 01:28:59,34,0.65,"If 10% Dips bring fleets of FUD, What happens when they see overnight dips at 40%?"
1619241948.0,2021-04-24 01:25:48,36,0.69,Use Cases for Moons
1619228023.0,2021-04-23 21:33:43,24,0.78,Can we share some Crypto related true crime and mysteries?
1619226135.0,2021-04-23 21:02:15,21,0.72,The first stock market bubble and the similarities with crypto
1619210835.0,2021-04-23 16:47:15,74,0.77,Thinking About Opening A Crypto Store
1619224091.0,2021-04-23 20:28:11,52,0.73,New investor here. Is Coinbase safe?
1619272635.0,2021-04-24 09:57:15,7,0.67,What keeps custodial accounts from participating in fractional reserve style activities?
1619272539.0,2021-04-24 09:55:39,19,0.5,"Ripple Open to Destroying Massive 50,000,000,000 XRP Holdings, Says CEO Brad Garlinghouse"
1619272339.0,2021-04-24 09:52:19,12,0.4,"Second Turkish Bitcoin Exchange Abruptly Shuts Down, Locking Up Funds"
1619104026.0,2021-04-22 11:07:06,906,0.91,A 9-5 job is practically mining fiat
1619285339.0,2021-04-24 13:28:59,25,0.43,What is happening with this shitcoin chart?
1619208113.0,2021-04-23 16:01:53,113,0.66,Capital Gains taxes only started being pushed when Crypto and Retail Trading began to truly take off.
1619218646.0,2021-04-23 18:57:26,31,0.83,"""Buy when there's blood in the streets, even if the blood is your own."""
1619271565.0,2021-04-24 09:39:25,7,0.6,Injective (INJ) - Liquid swap on Binance
1619216141.0,2021-04-23 18:15:41,21,0.85,Pros say Bitcoin‚Äôs ‚Äòvery healthy‚Äô correction ‚Äòbuilds ground for more stable growth‚Äô
1619249946.0,2021-04-24 03:39:06,26,0.7,Which level are you at?
1619271410.0,2021-04-24 09:36:50,1,0.6,Balancer on Whale Tank | What you need to know about V2
1619157525.0,2021-04-23 01:58:45,85,0.88,"Dip? I'm still up 16% over the last month, 116% over the last 3 months, 458% over the last 6 months, and 732% over the last year"
1619226259.0,2021-04-23 21:04:19,10,0.74,On the Tax Implications of automatic LPs (e.g. SafeMoon tokenomics) and why it matters for holders
1619228241.0,2021-04-23 21:37:21,13,0.75,Tax tools for US
1619249685.0,2021-04-24 03:34:45,10,1.0,"Bitfarms Partners with Foundry to Expand Bitcoin Mining Fleet and Join Foundry USA Pool, Instantly Boosts Operating Hashrate By 15%"
1619222508.0,2021-04-23 20:01:48,12,0.82,"Todays Winners and losers: April 24, 2021"
1619257472.0,2021-04-24 05:44:32,3,0.75,Minting NFTs // ENJIN should I mint on jumpnet or wait for efinity?
1619212391.0,2021-04-23 17:13:11,38,0.88,Top South Korea Regulator Says All Crypto Exchanges Could Be Closed
1619270337.0,2021-04-24 09:18:57,12,0.67,Abra is a ridiculously unsafe app
1619235251.0,2021-04-23 23:34:11,74,0.66,Convince me not to sell all of my stocks for crypto
1619248610.0,2021-04-24 03:16:50,12,0.58,Is it possible to create a cryptocurrency that works both online and offline?
1619269826.0,2021-04-24 09:10:26,30,0.5,Transferring USDT from Bitmart to Trustwallet
1619222910.0,2021-04-23 20:08:30,6,0.72,21Shares AG to Launch World‚Äôs First Cardano (ADA) and Stellar (XLM) ETPs on Swiss Stock Exchange
1619125601.0,2021-04-22 17:06:41,977,0.94,"You don't pay capital gains in crypto, in Portugal."
1619242119.0,2021-04-24 01:28:39,25,0.7,Why is Ethereum Classic doing so well???
1619269148.0,2021-04-24 08:59:08,6,0.67,XMR short sellers
1619224105.0,2021-04-23 20:28:25,13,0.73,Buy High Sell Low! Recipe for success...
1619268896.0,2021-04-24 08:54:56,19,0.6,Starting a project in 2022
1619255324.0,2021-04-24 05:08:44,20,0.75,Fiat to crypto
1619170342.0,2021-04-23 05:32:22,153,0.85,Don't risk more than what u can cover : 50-Year-Old Crypto Investor Commits Suicide
1619268483.0,2021-04-24 08:48:03,14,0.5,"Typically, when are you supposed to BTFD?"
1619161677.0,2021-04-23 03:07:57,79,0.76,Rant: My girlfriend will not stop talking about the dip
1619240536.0,2021-04-24 01:02:16,14,0.75,"""Taxes Don't Matter"": People Race To Bitcoin Because Of Government-Induced Inflation, Says Jimmy Song ‚ãÜ ZyCrypto"
1619267367.0,2021-04-24 08:29:27,90,0.57,Bitcoin‚Äôs bottom in the bear market
1619232307.0,2021-04-23 22:45:07,9,0.8,Why does Tether sometimes trade above or below $1?
1619198207.0,2021-04-23 13:16:47,44,0.83,"DON'T rush to ""Buy the Dip"" DCA also means be patient,"
1619235042.0,2021-04-23 23:30:42,13,0.6,Good Talk About Regulation by Charles Hoskinson
1619174765.0,2021-04-23 06:46:05,56,0.89,I looked through the top 100 coins on CMC and calculated the percentage gains if they returned to their 2021 ATH
1619234917.0,2021-04-23 23:28:37,17,0.8,The types of posters during the dips.
1619252760.0,2021-04-24 04:26:00,59,0.67,Is there any guide for noobs around? There are so many coins...
1619193352.0,2021-04-23 11:55:52,36,0.93,"Just spotted this on Ethereum.org ""Eth2 researchers are working on ways to accelerate the merge. It will probably happen earlier than expected. More soon."""
1619252359.0,2021-04-24 04:19:19,28,0.64,Picture yourself at the beginning of the bear market
1619238663.0,2021-04-24 00:31:03,5,0.8,Explain Crypto source
1619265704.0,2021-04-24 08:01:44,3,0.5,Long Kava - or is there a red flag?
1619199801.0,2021-04-23 13:43:21,33,0.97,Advanced DeFi: Earning high interest using stablecoins - Tutorial
1619244113.0,2021-04-24 02:01:53,31,0.64,Can I still make profit with Bitcoin?
1619279130.0,2021-04-24 11:45:30,17,0.33,One of the best BITCOIN youtube channel deleted 95% of its videos? What the hell happened.. Anyone else noticed this?
1619243840.0,2021-04-24 01:57:20,17,0.71,just some random shower thoughts about this cycle
1619140566.0,2021-04-22 21:16:06,178,0.96,The U.S. house of representatives passes the 'Eliminate Barriers to Innovation Act of 2021‚Äô. The USA is joining the crypto train üöÇüöÇüöÇ
1619251518.0,2021-04-24 04:05:18,16,0.67,Idea for fun hobby dapp!
1619229977.0,2021-04-23 22:06:17,36,0.69,Why Solana is stealing Ethereum's marketshare
1619237584.0,2021-04-24 00:13:04,44,0.65,How would you answer this question...
1619264499.0,2021-04-24 07:41:39,3,1.0,Getting float precision when using the CoinGecko API
1619229099.0,2021-04-23 21:51:39,11,0.8,You don‚Äôt need S2F to value Bitcoin
1619196339.0,2021-04-23 12:45:39,39,0.93,Brave is being marketed to millions of gamers as THE best browser
1619220799.0,2021-04-23 19:33:19,10,0.84,Top Three DeFi Lenders on Ethereum Hold Record $25 Billion in Deposits
1619225304.0,2021-04-23 20:48:24,18,0.71,"Pretty new to the crypto market, this might be a dumb question"
1619220374.0,2021-04-23 19:26:14,13,0.78,"Best I've seen it put, had to share. Cardano Staking"
1619241556.0,2021-04-24 01:19:16,16,0.83,Good crypto debit cards?
1619204461.0,2021-04-23 15:01:01,62,0.82,What was the moment you realised crypto is far from mainstream?
1619203392.0,2021-04-23 14:43:12,144,0.64,"After some research, I found users that are abusing the karma system to get way more moons than our any Top Content Creators can ever get."
1619249294.0,2021-04-24 03:28:14,11,0.67,An idea regarding regulation.
1619249261.0,2021-04-24 03:27:41,11,0.57,Is crypto.com earn a solid option for ETH?
1619249235.0,2021-04-24 03:27:15,45,0.6,Which coins gave you gains
1619207218.0,2021-04-23 15:46:58,67,0.88,"Am I holding too many alts? If so, what should I get rid of?"
1619208151.0,2021-04-23 16:02:31,58,0.9,How well do you understand what you're invested in?
1619221637.0,2021-04-23 19:47:17,41,0.72,What does the average r/CryptoCurrency portfolio look like? Vol.2
1619194456.0,2021-04-23 12:14:16,20,0.91,Crack LogicBeach's puzzle to win 1 ETH
1619209124.0,2021-04-23 16:18:44,64,0.8,top 10 cryptos from the top 100 I think have the coolest name + tag
1619202541.0,2021-04-23 14:29:01,31,0.89,Mining with a RX 580 8GB replaced my gaming addiction
1619192439.0,2021-04-23 11:40:39,46,0.85,Camping Will Save Your Portfolio
1619247742.0,2021-04-24 03:02:22,16,0.71,Rebalancing portfolios
1619226057.0,2021-04-23 21:00:57,17,0.75,"Media Futurist Jonathan Beller Believes NFTs Can Bring Global Equality, calls them""Non-Fascist Tokens"""
1619247339.0,2021-04-24 02:55:39,8,0.63,US Taxes and coin payments
1619210751.0,2021-04-23 16:45:51,6,0.94,Polkadot Decoded is coming May 19th
1619220226.0,2021-04-23 19:23:46,18,0.8,This New App Lets You Turn Anything and Everything Into an NFT
1619213477.0,2021-04-23 17:31:17,35,0.86,Best way to explain crypto to new people?
1619222219.0,2021-04-23 19:56:59,21,0.85,Possible safety approach for someone new
1619260211.0,2021-04-24 06:30:11,35,0.57,When BTC Dominance Falls...
1619221987.0,2021-04-23 19:53:07,14,0.76,Mental health professional should be part of any executive team! Especially in Crypto
1619238490.0,2021-04-24 00:28:10,45,0.77,Is ETH a solid investment?
1619173790.0,2021-04-23 06:29:50,110,0.88,How can I put myself into an harmless coma for 10 years?
1619189219.0,2021-04-23 10:46:59,49,0.8,"Bitcoin Falls Below $50,000: A Price Correction, Some Believe as a Result of Biden‚Äôs Tax Proposal"
1619224641.0,2021-04-23 20:37:21,66,0.6,"Bitcoin will not be used as a currency, so what will?"
1619193847.0,2021-04-23 12:04:07,19,0.95,Charles Schwab Looking Closely at Offering Crypto
1619186009.0,2021-04-23 09:53:29,33,0.89,Bitcoin is wooing the tens of thousands of Nigerian workers who send their earnings abroad
1619259483.0,2021-04-24 06:18:03,24,0.5,Need your help. Staked ADA never got back
1619136025.0,2021-04-22 20:00:25,31790,0.93,"Daily Discussion - April 23, 2021 (GMT+0)"
1619259339.0,2021-04-24 06:15:39,15,0.67,Anyone using Gemini Earn to lend out your Crypto? (Have you read their Terms of Service?)
1619203948.0,2021-04-23 14:52:28,13,0.96,Gemini users can now buy Bitcoin with Apple Pay and Google Pay
1619227825.0,2021-04-23 21:30:25,5,0.87,The time machine. The mulligan. The old skool. How I've changed my mind about flash crashes and other dips.
1619206153.0,2021-04-23 15:29:13,75,0.6,"Unpopular opinion: crypto sucks, criticism topic"
1619227607.0,2021-04-23 21:26:47,11,0.99,"Boycott Simplex, they don‚Äôt care about you"
1619176885.0,2021-04-23 07:21:25,63,0.87,"There's no point posting 'zoom out', 'relax' and 'buy the dip' posts because the weak hands already sold..."
1619237584.0,2021-04-24 00:13:04,17,0.8,Best and easiest sites to buy crypto?
1619210459.0,2021-04-23 16:40:59,21,0.8,"Steve Aoki on NFTs: ‚ÄòInstagram is 2021, crypto wallets are the future‚Äô"
1619227497.0,2021-04-23 21:24:57,6,0.81,Turkey Blocks Bank Accounts of a Crypto Exchange Even as It Hunts for the CEO of Another
1619231855.0,2021-04-23 22:37:35,6,0.75,Staking vs HODLing vs Staking & HODLing
1619237310.0,2021-04-24 00:08:30,16,1.0,BlockFi - 2FA Not Enabling After Multiple Attemps
1619213644.0,2021-04-23 17:34:04,44,0.79,This crypto swing
1619258391.0,2021-04-24 05:59:51,13,0.6,Any way to convert Google play store credit to crypto?..
1619257817.0,2021-04-24 05:50:17,19,0.67,Future of COIN (Coinbase Stock)
1619219622.0,2021-04-23 19:13:42,23,0.91,"‚ÄúCryptocurrency exchanges in India on hiring frenzy as user base grows.‚Äù (So if anyone is looking for a job in crypto and willing to move to India, this is your chance)"
1619219496.0,2021-04-23 19:11:36,21,0.77,Use your OWN trading strategy
1619230270.0,2021-04-23 22:11:10,5,0.79,There‚Äôs so many people shilling random scam coins out there I had to roast people who do that...
1619243814.0,2021-04-24 01:56:54,12,0.63,How to lend USDC or any other stable coin?
1619243558.0,2021-04-24 01:52:38,18,0.52,Bitcoin
1619210206.0,2021-04-23 16:36:46,7,0.82,Early Doors for Crypto
1619193391.0,2021-04-23 11:56:31,23,0.94,A Little History Lesson
1619235592.0,2021-04-23 23:39:52,20,1.0,Market correction?
1619197495.0,2021-04-23 13:04:55,72,0.8,[Proposal] Ability to choose whether to show MOON amounts in flair or not
1619205341.0,2021-04-23 15:15:41,18,0.86,"A brief History of Everything, as it pertains to crypto, and why you should be confident and brave. Explain crypto to your family! (spread this around to anyone who wants to understand)"
1619229813.0,2021-04-23 22:03:33,25,0.69,"Second Turkish Bitcoin Exchange Abruptly Shuts Down, Locking Up Funds"
1619169447.0,2021-04-23 05:17:27,52,0.82,Don‚Äôt FOMO into the dip either!
1619213740.0,2021-04-23 17:35:40,15,0.8,"Proton wrapped XETH, XBTC, XADA, XDOGE, go live allowing free, instant, on chain tx using Proton Wallet"
1619256503.0,2021-04-24 05:28:23,54,0.47,Tattoo?
1619158532.0,2021-04-23 02:15:32,66,0.82,Two fundamental things you should know about crypto
1619195169.0,2021-04-23 12:26:09,46,0.85,CumRocket Crypto Surges 634% In A Single Day In 'Extreme Mania' Market
1619224890.0,2021-04-23 20:41:30,40,0.99,What is A good method to store your private keys?
1619213362.0,2021-04-23 17:29:22,19,0.79,Thoughts on PancakeSwap and CAKE
1619229209.0,2021-04-23 21:53:29,12,0.6,A Fourth Ethereum ETF Hits Canada‚ÄîEighth Crypto ETF in North America
1619215644.0,2021-04-23 18:07:24,20,0.79,A Fossil Fuel Power Plant That Mines Bitcoin Is About to Massively Expand
1619170148.0,2021-04-23 05:29:08,21,0.83,Harmony ONE bullish article by investing.com
1619200797.0,2021-04-23 13:59:57,51,0.81,I haven't checked my portfolio for a few days
1619217871.0,2021-04-23 18:44:31,33,0.7,Dip tought me something today.
1619255874.0,2021-04-24 05:17:54,55,0.55,Will I still be able to pursue my passion?
1619220703.0,2021-04-23 19:31:43,14,1.0,Taxes VS Crypto and understanding.
1619228304.0,2021-04-23 21:38:24,7,0.99,Browsing for good crypto news sources... Cointelegraph?
1619217281.0,2021-04-23 18:34:41,26,0.76,Anyone curious on how many BTC are being mined per day? Past and future
1619199819.0,2021-04-23 13:43:39,37,0.95,Why is the aesthetic around YouTube crypto content so obnoxious?
1619212156.0,2021-04-23 17:09:16,70,0.67,Moons tips for new people
1619090698.0,2021-04-22 07:24:58,1312,0.94,ETH crosses ATH of $2547.94
1619281849.0,2021-04-24 12:30:49,37,0.45,"$10,000.00 USD in 1980 is worth $32,145.00 in 2021."
1619197904.0,2021-04-23 13:11:44,21,0.88,"The majority of people in Crypto/stock market are looking for quick gains, and have a hell of a lot more capital than you and I... Don't let their selling shake you."
1619232816.0,2021-04-23 22:53:36,34,0.56,Bitcoin Power Consumption Nonsense
1619254229.0,2021-04-24 04:50:29,18,0.5,"Business and website accepting cryptos as payment is great, but.."
1619254166.0,2021-04-24 04:49:26,16,0.52,To anyone who's stressed out watching their portfolio plummet
1619275365.0,2021-04-24 10:42:45,24,0.33,"Biden Might Double Tax For Wealthy Investors, Is Crypto Affected?"
1619226778.0,2021-04-23 21:12:58,9,0.69,Cathie Wood (ARK Invest) on Bitcoin!
1619266888.0,2021-04-24 08:21:28,92,0.46,"What does ""Doge will crash"" mean?"
1619192014.0,2021-04-23 11:33:34,14,0.96,A Small Group of Investors Spent $24.5 Billion on Bitcoin in the Last Few Months
1619210295.0,2021-04-23 16:38:15,33,0.91,High Yield Staking
1619193372.0,2021-04-23 11:56:12,33,0.8,Going to NOT look my coins until Monday. Pray for me.
1619182663.0,2021-04-23 08:57:43,33,0.82,"""Buy when there is blood in the streets, even if that blood is your own."" -Baron Rothschild"
1619252639.0,2021-04-24 04:23:59,10,0.56,What's the point in Reddit coins?
1619252427.0,2021-04-24 04:20:27,14,0.6,Should I just ignore everything about all the new currencies and tokens?
1619230630.0,2021-04-23 22:17:10,21,0.71,Is there a community need for Alt Coin accountability?
1619252011.0,2021-04-24 04:13:31,18,0.5,Moon tipping
1619184191.0,2021-04-23 09:23:11,27,0.85,To all the newbies: This chart is a tool us vets looked at a lot in 2017/2018 - it will help you!
1619224709.0,2021-04-23 20:38:29,3,0.99,Investors Direct More Than $1 Billion to iTrustCapital Crypto IRA Platform
1619251419.0,2021-04-24 04:03:39,7,0.62,Wonder when this will happen everywhere else?
1619229926.0,2021-04-23 22:05:26,3,0.8,Cryptopia Film
1619177444.0,2021-04-23 07:30:44,25,0.92,"Crypto Exchange CEO Flees Turkey after massive $2 Billion Heist, Stolen From Investors"
1619196760.0,2021-04-23 12:52:40,71,0.67,"Discussion: Crypto is here to stay, but in the next few decades Bitcoin will head to 0 when it proves incompatible with climate change targets."
1619210291.0,2021-04-23 16:38:11,17,0.91,Brave Makes First BAT Purchase on Coinbase for Ad Campaigns
1619212862.0,2021-04-23 17:21:02,31,0.65,Why is Litecoin so undervalued in price? (read OP)
1619207837.0,2021-04-23 15:57:17,23,0.67,"Unpopular opinion: crypto's first, and currently most important use case is speculation."
1619212665.0,2021-04-23 17:17:45,6,0.9,Bitcoin vs Gold: The Great Debate with Michael Saylor and Frank Giustra
1619219235.0,2021-04-23 19:07:15,28,0.8,"What are the OLDEST cryptocurrencies still around? Has anyone started a ""collection""?"
1619215510.0,2021-04-23 18:05:10,27,0.73,Crypto
1619194837.0,2021-04-23 12:20:37,18,0.79,Never stake on BNP ‚Äì Part 2 - The solution (Cardano Specific)
1619209508.0,2021-04-23 16:25:08,26,0.81,How to explain blockchain to my grandparents?
1619250144.0,2021-04-24 03:42:24,6,0.5,SEC Begins Official Review of Kryptoin ETF Application
1619250138.0,2021-04-24 03:42:18,10,0.67,XRP showing on my Coinstats portfolio but not on Coinbase Pro?
1619223026.0,2021-04-23 20:10:26,5,0.8,"Bitfarms Partners With Foundry, Joins US Mining Pool, Fleet Expands by 2,465 Bitcoin Miners"
1619144320.0,2021-04-22 22:18:40,61,0.91,Algorand officially pledges to become the greenest blockchain amid accelerated adoption
1619249934.0,2021-04-24 03:38:54,48,0.6,"Careful people, now it's SafeIcarus"
1619249870.0,2021-04-24 03:37:50,78,0.5,Hey I am planning to invest in crypto for long term around $10k. What penny crypto should I be looking at ?
1619179266.0,2021-04-23 08:01:06,36,0.83,$3.7 billion liquidated as crypto markets react to Biden‚Äôs tax scare
1619191247.0,2021-04-23 11:20:47,41,0.84,Why do people scream for pumps then fail to take advantage and bag hold back to their purchase price?
1619249587.0,2021-04-24 03:33:07,4,0.5,Is buying crypto via ChainBits safe?
1619218092.0,2021-04-23 18:48:12,11,0.72,"Can't wait for Prediction Tournaments? Head on over to r/Predictor to predict the price of Bitcoin on Tuesday, April 27!"
1619218084.0,2021-04-23 18:48:04,53,0.69,$50 burning a whole
1619188922.0,2021-04-23 10:42:02,17,0.82,"Turkish crypto exchange boss goes missing, reportedly taking $2 billion of investors‚Äô funds with him"
1619202381.0,2021-04-23 14:26:21,34,0.76,Does Satoshi Nakamoto deserve a Nobel Prize in Economics?
1619221658.0,2021-04-23 19:47:38,17,0.67,What is everyone‚Äôs thoughts about Helium? HNT
1619210697.0,2021-04-23 16:44:57,57,0.73,When is the Bear market coming?
1619197135.0,2021-04-23 12:58:55,24,0.8,"So BTC, ETH, LTC, and BCH are up 575%, 1,160%, 447%, and 234% for the past year. Why are all the news outlets gnashing their teeth and doom-calling?"
1619248685.0,2021-04-24 03:18:05,9,0.6,Missing ETH funds after restoring jaxx wallet
1619205603.0,2021-04-23 15:20:03,14,0.86,"Governor Gordon of Wyoming signs Bill SF38, giving DAOs LLC treatment effective July 1. Wyoming is Turning Into the Delaware of Digital Assets"
1619227044.0,2021-04-23 21:17:24,11,0.57,Air gaped paper wallet generator...how does it work?
1619193129.0,2021-04-23 11:52:09,12,0.84,"It's not about value right now, it's about time"
1619098266.0,2021-04-22 09:31:06,1012,0.96,Bitcoin Dominance Has Just Fallen Below 50%!!!
1619247895.0,2021-04-24 03:04:55,5,0.62,"Michael Saylor on Economics, Bitcoin and Decision Making"
1619225921.0,2021-04-23 20:58:41,21,0.54,"Second Turkish Bitcoin Exchange Abruptly Shuts Down, Locking Up Funds"
1619209361.0,2021-04-23 16:22:41,13,0.89,CryptoCurrency and wills/end of life transfer
1619193161.0,2021-04-23 11:52:41,53,0.81,Crypto noob here. I see this dip and look at it like the prime opportunity to buy.
1619200293.0,2021-04-23 13:51:33,51,0.87,What cryptos should I show my dad?
1619119830.0,2021-04-22 15:30:30,253,0.93,Nano Royale: Win NANO by staying alive
1619198391.0,2021-04-23 13:19:51,35,0.85,ENJ or ALGO? I've been waiting for a dip to buy one of the two
